play_Id,character_chosen,boss_relic,br_picked_skipped,victory,floor_reached,Act
02be86b6-8687-4d42-9102-c10b61a7b245,IRONCLAD,Ectoplasm,Skipped,1,57,1
02be86b6-8687-4d42-9102-c10b61a7b245,IRONCLAD,Black Blood,Skipped,1,57,1
02be86b6-8687-4d42-9102-c10b61a7b245,IRONCLAD,Black Star,Picked,1,57,1
02be86b6-8687-4d42-9102-c10b61a7b245,IRONCLAD,Busted Crown,Skipped,1,57,2
02be86b6-8687-4d42-9102-c10b61a7b245,IRONCLAD,Sozu,Skipped,1,57,2
02be86b6-8687-4d42-9102-c10b61a7b245,IRONCLAD,SlaversCollar,Picked,1,57,2
c499fd7e-f334-4232-a8ff-e6a41031c2ba,IRONCLAD,Pandora's Box,Skipped,1,57,1
c499fd7e-f334-4232-a8ff-e6a41031c2ba,IRONCLAD,Sozu,Skipped,1,57,1
c499fd7e-f334-4232-a8ff-e6a41031c2ba,IRONCLAD,Coffee Dripper,Picked,1,57,1
c499fd7e-f334-4232-a8ff-e6a41031c2ba,IRONCLAD,Black Blood,Skipped,1,57,2
c499fd7e-f334-4232-a8ff-e6a41031c2ba,IRONCLAD,Empty Cage,Skipped,1,57,2
c499fd7e-f334-4232-a8ff-e6a41031c2ba,IRONCLAD,Astrolabe,Picked,1,57,2
c8d23175-f597-4d40-aeea-b1dc82af0a29,IRONCLAD,Velvet Choker,Skipped,1,57,1
c8d23175-f597-4d40-aeea-b1dc82af0a29,IRONCLAD,Runic Dome,Skipped,1,57,1
c8d23175-f597-4d40-aeea-b1dc82af0a29,IRONCLAD,Runic Pyramid,Picked,1,57,1
c8d23175-f597-4d40-aeea-b1dc82af0a29,IRONCLAD,Fusion Hammer,Skipped,1,57,2
c8d23175-f597-4d40-aeea-b1dc82af0a29,IRONCLAD,Pandora's Box,Skipped,1,57,2
c8d23175-f597-4d40-aeea-b1dc82af0a29,IRONCLAD,SlaversCollar,Picked,1,57,2
0b9700cf-bcd7-4961-a7bc-964c228d4e6e,IRONCLAD,Black Star,Skipped,1,57,1
0b9700cf-bcd7-4961-a7bc-964c228d4e6e,IRONCLAD,Tiny House,Skipped,1,57,1
0b9700cf-bcd7-4961-a7bc-964c228d4e6e,IRONCLAD,Philosopher's Stone,Picked,1,57,1
0b9700cf-bcd7-4961-a7bc-964c228d4e6e,IRONCLAD,Empty Cage,Skipped,1,57,2
0b9700cf-bcd7-4961-a7bc-964c228d4e6e,IRONCLAD,Mark of Pain,Skipped,1,57,2
0b9700cf-bcd7-4961-a7bc-964c228d4e6e,IRONCLAD,Fusion Hammer,Picked,1,57,2
f6ef3240-6abc-4bf8-bc24-b1cdd636f029,IRONCLAD,Black Star,Skipped,1,57,1
f6ef3240-6abc-4bf8-bc24-b1cdd636f029,IRONCLAD,SacredBark,Skipped,1,57,1
f6ef3240-6abc-4bf8-bc24-b1cdd636f029,IRONCLAD,Snecko Eye,Picked,1,57,1
f6ef3240-6abc-4bf8-bc24-b1cdd636f029,IRONCLAD,Velvet Choker,Skipped,1,57,2
f6ef3240-6abc-4bf8-bc24-b1cdd636f029,IRONCLAD,Empty Cage,Skipped,1,57,2
f6ef3240-6abc-4bf8-bc24-b1cdd636f029,IRONCLAD,Philosopher's Stone,Picked,1,57,2
60928f51-ee59-4d6c-bffd-2916faf11475,IRONCLAD,Sozu,Skipped,1,57,1
60928f51-ee59-4d6c-bffd-2916faf11475,IRONCLAD,Runic Pyramid,Skipped,1,57,1
60928f51-ee59-4d6c-bffd-2916faf11475,IRONCLAD,Philosopher's Stone,Picked,1,57,1
60928f51-ee59-4d6c-bffd-2916faf11475,IRONCLAD,Empty Cage,Skipped,1,57,2
60928f51-ee59-4d6c-bffd-2916faf11475,IRONCLAD,Black Blood,Skipped,1,57,2
60928f51-ee59-4d6c-bffd-2916faf11475,IRONCLAD,Calling Bell,Picked,1,57,2
0bf7d587-6064-4aa0-ab5b-aad381615b2d,IRONCLAD,SacredBark,Skipped,1,57,1
0bf7d587-6064-4aa0-ab5b-aad381615b2d,IRONCLAD,Ectoplasm,Skipped,1,57,1
0bf7d587-6064-4aa0-ab5b-aad381615b2d,IRONCLAD,Astrolabe,Picked,1,57,1
0bf7d587-6064-4aa0-ab5b-aad381615b2d,IRONCLAD,Busted Crown,Skipped,1,57,2
0bf7d587-6064-4aa0-ab5b-aad381615b2d,IRONCLAD,Philosopher's Stone,Skipped,1,57,2
0bf7d587-6064-4aa0-ab5b-aad381615b2d,IRONCLAD,Snecko Eye,Picked,1,57,2
0f9132cc-10b2-4525-a5f4-2a783e3a5622,IRONCLAD,Velvet Choker,Skipped,1,57,1
0f9132cc-10b2-4525-a5f4-2a783e3a5622,IRONCLAD,Empty Cage,Skipped,1,57,1
0f9132cc-10b2-4525-a5f4-2a783e3a5622,IRONCLAD,Coffee Dripper,Picked,1,57,1
0f9132cc-10b2-4525-a5f4-2a783e3a5622,IRONCLAD,Black Star,Skipped,1,57,2
0f9132cc-10b2-4525-a5f4-2a783e3a5622,IRONCLAD,Black Blood,Skipped,1,57,2
0f9132cc-10b2-4525-a5f4-2a783e3a5622,IRONCLAD,Fusion Hammer,Picked,1,57,2
a4e275c7-22ac-4b65-aaeb-b1db27a69ff5,IRONCLAD,Ectoplasm,Skipped,1,57,1
a4e275c7-22ac-4b65-aaeb-b1db27a69ff5,IRONCLAD,SacredBark,Skipped,1,57,1
a4e275c7-22ac-4b65-aaeb-b1db27a69ff5,IRONCLAD,Mark of Pain,Picked,1,57,1
a4e275c7-22ac-4b65-aaeb-b1db27a69ff5,IRONCLAD,Sozu,Skipped,1,57,2
a4e275c7-22ac-4b65-aaeb-b1db27a69ff5,IRONCLAD,Black Blood,Skipped,1,57,2
a4e275c7-22ac-4b65-aaeb-b1db27a69ff5,IRONCLAD,Cursed Key,Picked,1,57,2
7f5f4f7b-0cd7-45cd-b048-33102f1d6f5a,IRONCLAD,Ectoplasm,Skipped,0,23,1
7f5f4f7b-0cd7-45cd-b048-33102f1d6f5a,IRONCLAD,Pandora's Box,Skipped,0,23,1
7f5f4f7b-0cd7-45cd-b048-33102f1d6f5a,IRONCLAD,Calling Bell,Picked,0,23,1
5ffbe030-7d23-4340-ac74-a3375c07f9d7,IRONCLAD,Black Star,Skipped,1,57,1
5ffbe030-7d23-4340-ac74-a3375c07f9d7,IRONCLAD,Calling Bell,Skipped,1,57,1
5ffbe030-7d23-4340-ac74-a3375c07f9d7,IRONCLAD,Snecko Eye,Picked,1,57,1
5ffbe030-7d23-4340-ac74-a3375c07f9d7,IRONCLAD,Velvet Choker,Skipped,1,57,2
5ffbe030-7d23-4340-ac74-a3375c07f9d7,IRONCLAD,Black Blood,Skipped,1,57,2
5ffbe030-7d23-4340-ac74-a3375c07f9d7,IRONCLAD,Fusion Hammer,Picked,1,57,2
7bb92161-a4db-40e2-8371-206d0f68d443,IRONCLAD,Tiny House,Skipped,0,39,1
7bb92161-a4db-40e2-8371-206d0f68d443,IRONCLAD,Black Star,Skipped,0,39,1
7bb92161-a4db-40e2-8371-206d0f68d443,IRONCLAD,Coffee Dripper,Picked,0,39,1
7bb92161-a4db-40e2-8371-206d0f68d443,IRONCLAD,Astrolabe,Skipped,0,39,2
7bb92161-a4db-40e2-8371-206d0f68d443,IRONCLAD,Mark of Pain,Skipped,0,39,2
7bb92161-a4db-40e2-8371-206d0f68d443,IRONCLAD,SacredBark,Picked,0,39,2
f6bc6896-38d1-4bb1-9011-5c9162019084,IRONCLAD,Runic Cube,Skipped,1,57,1
f6bc6896-38d1-4bb1-9011-5c9162019084,IRONCLAD,Astrolabe,Skipped,1,57,1
f6bc6896-38d1-4bb1-9011-5c9162019084,IRONCLAD,Velvet Choker,Picked,1,57,1
f6bc6896-38d1-4bb1-9011-5c9162019084,IRONCLAD,Cursed Key,Skipped,1,57,2
f6bc6896-38d1-4bb1-9011-5c9162019084,IRONCLAD,Sozu,Skipped,1,57,2
f6bc6896-38d1-4bb1-9011-5c9162019084,IRONCLAD,Mark of Pain,Picked,1,57,2
336fa949-f526-4226-a44f-274b1f8dbccc,THE_SILENT,Tiny House,Skipped,0,33,1
336fa949-f526-4226-a44f-274b1f8dbccc,THE_SILENT,WristBlade,Skipped,0,33,1
336fa949-f526-4226-a44f-274b1f8dbccc,THE_SILENT,Astrolabe,Picked,0,33,1
17baa90f-8295-441f-a095-2ac9602cc869,THE_SILENT,Velvet Choker,Skipped,1,57,1
17baa90f-8295-441f-a095-2ac9602cc869,THE_SILENT,Sozu,Skipped,1,57,1
17baa90f-8295-441f-a095-2ac9602cc869,THE_SILENT,SlaversCollar,Picked,1,57,1
17baa90f-8295-441f-a095-2ac9602cc869,THE_SILENT,Fusion Hammer,Skipped,1,57,2
17baa90f-8295-441f-a095-2ac9602cc869,THE_SILENT,Pandora's Box,Skipped,1,57,2
17baa90f-8295-441f-a095-2ac9602cc869,THE_SILENT,Coffee Dripper,Picked,1,57,2
85c60dcb-7be5-450a-bbd6-249611210f10,THE_SILENT,Astrolabe,Skipped,0,33,1
85c60dcb-7be5-450a-bbd6-249611210f10,THE_SILENT,Empty Cage,Skipped,0,33,1
85c60dcb-7be5-450a-bbd6-249611210f10,THE_SILENT,Calling Bell,Picked,0,33,1
4da4f472-755c-4009-8a3c-fcf4ee153685,THE_SILENT,Astrolabe,Skipped,1,57,1
4da4f472-755c-4009-8a3c-fcf4ee153685,THE_SILENT,Fusion Hammer,Skipped,1,57,1
4da4f472-755c-4009-8a3c-fcf4ee153685,THE_SILENT,Runic Pyramid,Picked,1,57,1
4da4f472-755c-4009-8a3c-fcf4ee153685,THE_SILENT,SlaversCollar,Skipped,1,57,2
4da4f472-755c-4009-8a3c-fcf4ee153685,THE_SILENT,Tiny House,Skipped,1,57,2
4da4f472-755c-4009-8a3c-fcf4ee153685,THE_SILENT,Coffee Dripper,Picked,1,57,2
9c14a52a-fcfa-4957-83c2-59917e9f1f52,THE_SILENT,Cursed Key,Skipped,1,57,1
9c14a52a-fcfa-4957-83c2-59917e9f1f52,THE_SILENT,Sozu,Skipped,1,57,1
9c14a52a-fcfa-4957-83c2-59917e9f1f52,THE_SILENT,Fusion Hammer,Picked,1,57,1
9c14a52a-fcfa-4957-83c2-59917e9f1f52,THE_SILENT,SlaversCollar,Skipped,1,57,2
9c14a52a-fcfa-4957-83c2-59917e9f1f52,THE_SILENT,WristBlade,Skipped,1,57,2
9c14a52a-fcfa-4957-83c2-59917e9f1f52,THE_SILENT,Astrolabe,Picked,1,57,2
c5e08caa-de96-4fe7-98bf-201ba4c044a8,THE_SILENT,Black Star,Skipped,0,24,1
c5e08caa-de96-4fe7-98bf-201ba4c044a8,THE_SILENT,SlaversCollar,Skipped,0,24,1
c5e08caa-de96-4fe7-98bf-201ba4c044a8,THE_SILENT,Calling Bell,Picked,0,24,1
8ff1ff2f-2a52-41c0-ab91-4d270a887d4b,THE_SILENT,Cursed Key,Skipped,0,50,1
8ff1ff2f-2a52-41c0-ab91-4d270a887d4b,THE_SILENT,Sozu,Skipped,0,50,1
8ff1ff2f-2a52-41c0-ab91-4d270a887d4b,THE_SILENT,Runic Pyramid,Picked,0,50,1
8ff1ff2f-2a52-41c0-ab91-4d270a887d4b,THE_SILENT,Empty Cage,Skipped,0,50,2
8ff1ff2f-2a52-41c0-ab91-4d270a887d4b,THE_SILENT,Tiny House,Skipped,0,50,2
8ff1ff2f-2a52-41c0-ab91-4d270a887d4b,THE_SILENT,Astrolabe,Picked,0,50,2
dc595644-f916-4db0-b2ea-d516ce24c5ac,THE_SILENT,Black Star,Skipped,1,57,1
dc595644-f916-4db0-b2ea-d516ce24c5ac,THE_SILENT,Ectoplasm,Skipped,1,57,1
dc595644-f916-4db0-b2ea-d516ce24c5ac,THE_SILENT,Philosopher's Stone,Picked,1,57,1
dc595644-f916-4db0-b2ea-d516ce24c5ac,THE_SILENT,Busted Crown,Skipped,1,57,2
dc595644-f916-4db0-b2ea-d516ce24c5ac,THE_SILENT,Sozu,Skipped,1,57,2
dc595644-f916-4db0-b2ea-d516ce24c5ac,THE_SILENT,Calling Bell,Picked,1,57,2
363f7704-3e26-44a2-b377-6258aff89d2c,THE_SILENT,Calling Bell,Skipped,1,57,1
363f7704-3e26-44a2-b377-6258aff89d2c,THE_SILENT,Coffee Dripper,Skipped,1,57,1
363f7704-3e26-44a2-b377-6258aff89d2c,THE_SILENT,Runic Pyramid,Picked,1,57,1
363f7704-3e26-44a2-b377-6258aff89d2c,THE_SILENT,Sozu,Skipped,1,57,2
363f7704-3e26-44a2-b377-6258aff89d2c,THE_SILENT,SacredBark,Skipped,1,57,2
363f7704-3e26-44a2-b377-6258aff89d2c,THE_SILENT,SlaversCollar,Picked,1,57,2
3dbf1da7-6f98-4b62-bdeb-cb27cdf97794,THE_SILENT,Black Star,Skipped,1,57,1
3dbf1da7-6f98-4b62-bdeb-cb27cdf97794,THE_SILENT,Sozu,Skipped,1,57,1
3dbf1da7-6f98-4b62-bdeb-cb27cdf97794,THE_SILENT,Cursed Key,Picked,1,57,1
3dbf1da7-6f98-4b62-bdeb-cb27cdf97794,THE_SILENT,WristBlade,Skipped,1,57,2
3dbf1da7-6f98-4b62-bdeb-cb27cdf97794,THE_SILENT,SlaversCollar,Skipped,1,57,2
3dbf1da7-6f98-4b62-bdeb-cb27cdf97794,THE_SILENT,Coffee Dripper,Picked,1,57,2
381f055c-e3cd-4a0f-8963-69b0cced27bf,THE_SILENT,Fusion Hammer,Skipped,0,36,1
381f055c-e3cd-4a0f-8963-69b0cced27bf,THE_SILENT,Velvet Choker,Skipped,0,36,1
381f055c-e3cd-4a0f-8963-69b0cced27bf,THE_SILENT,Calling Bell,Picked,0,36,1
381f055c-e3cd-4a0f-8963-69b0cced27bf,THE_SILENT,Busted Crown,Skipped,0,36,2
381f055c-e3cd-4a0f-8963-69b0cced27bf,THE_SILENT,SacredBark,Skipped,0,36,2
381f055c-e3cd-4a0f-8963-69b0cced27bf,THE_SILENT,SlaversCollar,Picked,0,36,2
f10c7159-4168-413d-9a50-de28316f9963,THE_SILENT,Cursed Key,Skipped,1,57,1
f10c7159-4168-413d-9a50-de28316f9963,THE_SILENT,Ring of the Serpent,Skipped,1,57,1
f10c7159-4168-413d-9a50-de28316f9963,THE_SILENT,Runic Pyramid,Picked,1,57,1
f10c7159-4168-413d-9a50-de28316f9963,THE_SILENT,SacredBark,Skipped,1,57,2
f10c7159-4168-413d-9a50-de28316f9963,THE_SILENT,Runic Dome,Skipped,1,57,2
f10c7159-4168-413d-9a50-de28316f9963,THE_SILENT,Coffee Dripper,Picked,1,57,2
b0a4ace2-7e08-4e2a-a625-7110d549bb5b,THE_SILENT,WristBlade,Skipped,1,57,1
b0a4ace2-7e08-4e2a-a625-7110d549bb5b,THE_SILENT,Runic Dome,Skipped,1,57,1
b0a4ace2-7e08-4e2a-a625-7110d549bb5b,THE_SILENT,SlaversCollar,Picked,1,57,1
b0a4ace2-7e08-4e2a-a625-7110d549bb5b,THE_SILENT,Philosopher's Stone,Skipped,1,57,2
b0a4ace2-7e08-4e2a-a625-7110d549bb5b,THE_SILENT,Calling Bell,Skipped,1,57,2
b0a4ace2-7e08-4e2a-a625-7110d549bb5b,THE_SILENT,Runic Pyramid,Picked,1,57,2
629f4e75-b22c-4588-b246-30cc3650075b,THE_SILENT,Ectoplasm,Skipped,1,57,1
629f4e75-b22c-4588-b246-30cc3650075b,THE_SILENT,Black Star,Skipped,1,57,1
629f4e75-b22c-4588-b246-30cc3650075b,THE_SILENT,Pandora's Box,Picked,1,57,1
629f4e75-b22c-4588-b246-30cc3650075b,THE_SILENT,Busted Crown,Skipped,1,57,2
629f4e75-b22c-4588-b246-30cc3650075b,THE_SILENT,Tiny House,Skipped,1,57,2
629f4e75-b22c-4588-b246-30cc3650075b,THE_SILENT,Sozu,Picked,1,57,2
a5f96644-770a-4dca-bcfe-b6ad5b88b482,DEFECT,Ectoplasm,Skipped,0,24,1
a5f96644-770a-4dca-bcfe-b6ad5b88b482,DEFECT,Fusion Hammer,Skipped,0,24,1
a5f96644-770a-4dca-bcfe-b6ad5b88b482,DEFECT,Astrolabe,Picked,0,24,1
c01ea4c9-9d23-4647-a08c-e81c22a55432,DEFECT,FrozenCore,Skipped,1,57,1
c01ea4c9-9d23-4647-a08c-e81c22a55432,DEFECT,Black Star,Skipped,1,57,1
c01ea4c9-9d23-4647-a08c-e81c22a55432,DEFECT,Runic Dome,Picked,1,57,1
c01ea4c9-9d23-4647-a08c-e81c22a55432,DEFECT,SlaversCollar,Skipped,1,57,2
c01ea4c9-9d23-4647-a08c-e81c22a55432,DEFECT,Fusion Hammer,Skipped,1,57,2
c01ea4c9-9d23-4647-a08c-e81c22a55432,DEFECT,Pandora's Box,Picked,1,57,2
98ac8d7d-5572-4a0f-8f1f-4ca37776367f,DEFECT,SlaversCollar,Skipped,1,57,1
98ac8d7d-5572-4a0f-8f1f-4ca37776367f,DEFECT,Fusion Hammer,Skipped,1,57,1
98ac8d7d-5572-4a0f-8f1f-4ca37776367f,DEFECT,Nuclear Battery,Picked,1,57,1
98ac8d7d-5572-4a0f-8f1f-4ca37776367f,DEFECT,Runic Pyramid,Skipped,1,57,2
98ac8d7d-5572-4a0f-8f1f-4ca37776367f,DEFECT,Empty Cage,Skipped,1,57,2
98ac8d7d-5572-4a0f-8f1f-4ca37776367f,DEFECT,Philosopher's Stone,Picked,1,57,2
83b1113b-baef-44b1-86d8-f57bd1389f8b,DEFECT,Ectoplasm,Skipped,1,57,1
83b1113b-baef-44b1-86d8-f57bd1389f8b,DEFECT,Inserter,Skipped,1,57,1
83b1113b-baef-44b1-86d8-f57bd1389f8b,DEFECT,Coffee Dripper,Picked,1,57,1
83b1113b-baef-44b1-86d8-f57bd1389f8b,DEFECT,Pandora's Box,Skipped,1,57,2
83b1113b-baef-44b1-86d8-f57bd1389f8b,DEFECT,SacredBark,Skipped,1,57,2
83b1113b-baef-44b1-86d8-f57bd1389f8b,DEFECT,Runic Dome,Picked,1,57,2
0fc88d87-08ac-4167-ac56-c284bf1d3837,DEFECT,Calling Bell,Skipped,1,57,1
0fc88d87-08ac-4167-ac56-c284bf1d3837,DEFECT,Tiny House,Skipped,1,57,1
0fc88d87-08ac-4167-ac56-c284bf1d3837,DEFECT,Coffee Dripper,Picked,1,57,1
0fc88d87-08ac-4167-ac56-c284bf1d3837,DEFECT,Fusion Hammer,Skipped,1,57,2
0fc88d87-08ac-4167-ac56-c284bf1d3837,DEFECT,SacredBark,Skipped,1,57,2
0fc88d87-08ac-4167-ac56-c284bf1d3837,DEFECT,Nuclear Battery,Picked,1,57,2
3dd2c068-e359-4de5-b87f-dd5d42a15a93,DEFECT,Pandora's Box,Skipped,1,57,1
3dd2c068-e359-4de5-b87f-dd5d42a15a93,DEFECT,Inserter,Skipped,1,57,1
3dd2c068-e359-4de5-b87f-dd5d42a15a93,DEFECT,Black Star,Picked,1,57,1
3dd2c068-e359-4de5-b87f-dd5d42a15a93,DEFECT,Tiny House,Skipped,1,57,2
3dd2c068-e359-4de5-b87f-dd5d42a15a93,DEFECT,Calling Bell,Skipped,1,57,2
3dd2c068-e359-4de5-b87f-dd5d42a15a93,DEFECT,Cursed Key,Picked,1,57,2
460e3f5c-fb44-46ea-9b5c-a509aec9334c,DEFECT,Astrolabe,Skipped,0,51,1
460e3f5c-fb44-46ea-9b5c-a509aec9334c,DEFECT,Black Star,Skipped,0,51,1
460e3f5c-fb44-46ea-9b5c-a509aec9334c,DEFECT,Runic Dome,Picked,0,51,1
460e3f5c-fb44-46ea-9b5c-a509aec9334c,DEFECT,Velvet Choker,Skipped,0,51,2
460e3f5c-fb44-46ea-9b5c-a509aec9334c,DEFECT,Sozu,Skipped,0,51,2
460e3f5c-fb44-46ea-9b5c-a509aec9334c,DEFECT,Fusion Hammer,Picked,0,51,2
82f9a5f8-4c6c-4f43-b02e-3a8896604b8f,DEFECT,Velvet Choker,Skipped,0,44,1
82f9a5f8-4c6c-4f43-b02e-3a8896604b8f,DEFECT,SacredBark,Skipped,0,44,1
82f9a5f8-4c6c-4f43-b02e-3a8896604b8f,DEFECT,Calling Bell,Picked,0,44,1
82f9a5f8-4c6c-4f43-b02e-3a8896604b8f,DEFECT,Inserter,Skipped,0,44,2
82f9a5f8-4c6c-4f43-b02e-3a8896604b8f,DEFECT,Runic Dome,Skipped,0,44,2
82f9a5f8-4c6c-4f43-b02e-3a8896604b8f,DEFECT,Coffee Dripper,Picked,0,44,2
8b2d5da0-3923-4e6a-b13d-77b3e01dba57,DEFECT,Ectoplasm,Skipped,1,57,1
8b2d5da0-3923-4e6a-b13d-77b3e01dba57,DEFECT,Inserter,Skipped,1,57,1
8b2d5da0-3923-4e6a-b13d-77b3e01dba57,DEFECT,Pandora's Box,Picked,1,57,1
8b2d5da0-3923-4e6a-b13d-77b3e01dba57,DEFECT,SacredBark,Skipped,1,57,2
8b2d5da0-3923-4e6a-b13d-77b3e01dba57,DEFECT,Fusion Hammer,Skipped,1,57,2
8b2d5da0-3923-4e6a-b13d-77b3e01dba57,DEFECT,Nuclear Battery,Picked,1,57,2
e14018c5-838d-431c-b1a4-6d0b7dae2f06,DEFECT,Velvet Choker,Skipped,0,33,1
e14018c5-838d-431c-b1a4-6d0b7dae2f06,DEFECT,Philosopher's Stone,Skipped,0,33,1
e14018c5-838d-431c-b1a4-6d0b7dae2f06,DEFECT,Runic Dome,Picked,0,33,1
93fd92d8-3e88-440d-bd4c-2dab1e0943b4,DEFECT,Ectoplasm,Skipped,0,56,1
93fd92d8-3e88-440d-bd4c-2dab1e0943b4,DEFECT,Astrolabe,Skipped,0,56,1
93fd92d8-3e88-440d-bd4c-2dab1e0943b4,DEFECT,Fusion Hammer,Picked,0,56,1
93fd92d8-3e88-440d-bd4c-2dab1e0943b4,DEFECT,Velvet Choker,Skipped,0,56,2
93fd92d8-3e88-440d-bd4c-2dab1e0943b4,DEFECT,SacredBark,Skipped,0,56,2
93fd92d8-3e88-440d-bd4c-2dab1e0943b4,DEFECT,Runic Dome,Picked,0,56,2
2fe6d411-dcc0-448e-99c3-e48a0f63a29e,DEFECT,Tiny House,Skipped,1,57,1
2fe6d411-dcc0-448e-99c3-e48a0f63a29e,DEFECT,Philosopher's Stone,Skipped,1,57,1
2fe6d411-dcc0-448e-99c3-e48a0f63a29e,DEFECT,Calling Bell,Picked,1,57,1
2fe6d411-dcc0-448e-99c3-e48a0f63a29e,DEFECT,Fusion Hammer,Skipped,1,57,2
2fe6d411-dcc0-448e-99c3-e48a0f63a29e,DEFECT,Cursed Key,Skipped,1,57,2
2fe6d411-dcc0-448e-99c3-e48a0f63a29e,DEFECT,Runic Dome,Picked,1,57,2
bd810493-7bc5-470e-8692-b6bbe8299672,DEFECT,Coffee Dripper,Skipped,1,57,1
bd810493-7bc5-470e-8692-b6bbe8299672,DEFECT,Astrolabe,Skipped,1,57,1
bd810493-7bc5-470e-8692-b6bbe8299672,DEFECT,Nuclear Battery,Picked,1,57,1
bd810493-7bc5-470e-8692-b6bbe8299672,DEFECT,Runic Dome,Skipped,1,57,2
bd810493-7bc5-470e-8692-b6bbe8299672,DEFECT,Velvet Choker,Skipped,1,57,2
bd810493-7bc5-470e-8692-b6bbe8299672,DEFECT,Runic Pyramid,Picked,1,57,2
9445c3db-ec89-4106-a3c5-df71eb947594,DEFECT,Tiny House,Skipped,0,44,1
9445c3db-ec89-4106-a3c5-df71eb947594,DEFECT,Fusion Hammer,Skipped,0,44,1
9445c3db-ec89-4106-a3c5-df71eb947594,DEFECT,Runic Dome,Picked,0,44,1
9445c3db-ec89-4106-a3c5-df71eb947594,DEFECT,FrozenCore,Skipped,0,44,2
9445c3db-ec89-4106-a3c5-df71eb947594,DEFECT,Calling Bell,Skipped,0,44,2
9445c3db-ec89-4106-a3c5-df71eb947594,DEFECT,Pandora's Box,Picked,0,44,2
e93ef19d-db53-4a99-93c3-9d936cd5cb17,WATCHER,Philosopher's Stone,Skipped,1,57,1
e93ef19d-db53-4a99-93c3-9d936cd5cb17,WATCHER,Busted Crown,Skipped,1,57,1
e93ef19d-db53-4a99-93c3-9d936cd5cb17,WATCHER,Empty Cage,Picked,1,57,1
e93ef19d-db53-4a99-93c3-9d936cd5cb17,WATCHER,Fusion Hammer,Skipped,1,57,2
e93ef19d-db53-4a99-93c3-9d936cd5cb17,WATCHER,Tiny House,Skipped,1,57,2
e93ef19d-db53-4a99-93c3-9d936cd5cb17,WATCHER,Runic Pyramid,Picked,1,57,2
fb65dde5-66e6-417d-b9c8-cd88a422bc13,WATCHER,Calling Bell,Skipped,0,30,1
fb65dde5-66e6-417d-b9c8-cd88a422bc13,WATCHER,SlaversCollar,Skipped,0,30,1
fb65dde5-66e6-417d-b9c8-cd88a422bc13,WATCHER,Runic Dome,Picked,0,30,1
84a2f28c-75c7-41e3-a3d5-002bfbd93f6d,WATCHER,Pandora's Box,Skipped,1,57,1
84a2f28c-75c7-41e3-a3d5-002bfbd93f6d,WATCHER,Empty Cage,Skipped,1,57,1
84a2f28c-75c7-41e3-a3d5-002bfbd93f6d,WATCHER,Runic Pyramid,Picked,1,57,1
84a2f28c-75c7-41e3-a3d5-002bfbd93f6d,WATCHER,Busted Crown,Skipped,1,57,2
84a2f28c-75c7-41e3-a3d5-002bfbd93f6d,WATCHER,Calling Bell,Skipped,1,57,2
84a2f28c-75c7-41e3-a3d5-002bfbd93f6d,WATCHER,Cursed Key,Picked,1,57,2
4008fe5c-012e-4ce7-a627-74b1dfeb6058,WATCHER,SlaversCollar,Skipped,1,57,1
4008fe5c-012e-4ce7-a627-74b1dfeb6058,WATCHER,Tiny House,Skipped,1,57,1
4008fe5c-012e-4ce7-a627-74b1dfeb6058,WATCHER,Runic Pyramid,Picked,1,57,1
4008fe5c-012e-4ce7-a627-74b1dfeb6058,WATCHER,Sozu,Skipped,1,57,2
4008fe5c-012e-4ce7-a627-74b1dfeb6058,WATCHER,Fusion Hammer,Skipped,1,57,2
4008fe5c-012e-4ce7-a627-74b1dfeb6058,WATCHER,VioletLotus,Picked,1,57,2
02b2752d-11a3-4696-8d3d-2791ef325342,WATCHER,Ectoplasm,Skipped,1,57,1
02b2752d-11a3-4696-8d3d-2791ef325342,WATCHER,Busted Crown,Skipped,1,57,1
02b2752d-11a3-4696-8d3d-2791ef325342,WATCHER,VioletLotus,Picked,1,57,1
02b2752d-11a3-4696-8d3d-2791ef325342,WATCHER,Snecko Eye,Skipped,1,57,2
02b2752d-11a3-4696-8d3d-2791ef325342,WATCHER,Calling Bell,Skipped,1,57,2
02b2752d-11a3-4696-8d3d-2791ef325342,WATCHER,SlaversCollar,Picked,1,57,2
d66b5a40-3f03-4736-80d3-e0b4dcd69a54,WATCHER,SacredBark,Skipped,1,57,1
d66b5a40-3f03-4736-80d3-e0b4dcd69a54,WATCHER,Tiny House,Skipped,1,57,1
d66b5a40-3f03-4736-80d3-e0b4dcd69a54,WATCHER,Astrolabe,Picked,1,57,1
d66b5a40-3f03-4736-80d3-e0b4dcd69a54,WATCHER,Black Star,Skipped,1,57,2
d66b5a40-3f03-4736-80d3-e0b4dcd69a54,WATCHER,HolyWater,Skipped,1,57,2
d66b5a40-3f03-4736-80d3-e0b4dcd69a54,WATCHER,Cursed Key,Picked,1,57,2
8e679b4d-2344-493d-948e-7db9fca739d6,WATCHER,Pandora's Box,Skipped,0,56,1
8e679b4d-2344-493d-948e-7db9fca739d6,WATCHER,Snecko Eye,Skipped,0,56,1
8e679b4d-2344-493d-948e-7db9fca739d6,WATCHER,Fusion Hammer,Picked,0,56,1
8e679b4d-2344-493d-948e-7db9fca739d6,WATCHER,Velvet Choker,Skipped,0,56,2
8e679b4d-2344-493d-948e-7db9fca739d6,WATCHER,Busted Crown,Skipped,0,56,2
8e679b4d-2344-493d-948e-7db9fca739d6,WATCHER,Astrolabe,Picked,0,56,2
88dd194f-13be-44bd-8337-b2ebc7c6e554,WATCHER,Empty Cage,Skipped,1,57,1
88dd194f-13be-44bd-8337-b2ebc7c6e554,WATCHER,Tiny House,Skipped,1,57,1
88dd194f-13be-44bd-8337-b2ebc7c6e554,WATCHER,Astrolabe,Picked,1,57,1
88dd194f-13be-44bd-8337-b2ebc7c6e554,WATCHER,Snecko Eye,Skipped,1,57,2
88dd194f-13be-44bd-8337-b2ebc7c6e554,WATCHER,Fusion Hammer,Skipped,1,57,2
88dd194f-13be-44bd-8337-b2ebc7c6e554,WATCHER,Coffee Dripper,Picked,1,57,2
987954ff-0d4d-472d-809a-6beb43ae15f6,WATCHER,Snecko Eye,Skipped,0,56,1
987954ff-0d4d-472d-809a-6beb43ae15f6,WATCHER,Sozu,Skipped,0,56,1
987954ff-0d4d-472d-809a-6beb43ae15f6,WATCHER,SacredBark,Picked,0,56,1
987954ff-0d4d-472d-809a-6beb43ae15f6,WATCHER,Cursed Key,Skipped,0,56,2
987954ff-0d4d-472d-809a-6beb43ae15f6,WATCHER,HolyWater,Skipped,0,56,2
987954ff-0d4d-472d-809a-6beb43ae15f6,WATCHER,SlaversCollar,Picked,0,56,2
0c89e69c-e51f-4c56-9a8e-a24280ccb522,WATCHER,Velvet Choker,Skipped,1,57,1
0c89e69c-e51f-4c56-9a8e-a24280ccb522,WATCHER,Tiny House,Skipped,1,57,1
0c89e69c-e51f-4c56-9a8e-a24280ccb522,WATCHER,Black Star,Picked,1,57,1
0c89e69c-e51f-4c56-9a8e-a24280ccb522,WATCHER,Snecko Eye,Skipped,1,57,2
0c89e69c-e51f-4c56-9a8e-a24280ccb522,WATCHER,Runic Dome,Skipped,1,57,2
0c89e69c-e51f-4c56-9a8e-a24280ccb522,WATCHER,Empty Cage,Picked,1,57,2
d46bc2f6-e36a-4da2-beb7-f6236c94fac8,WATCHER,Fusion Hammer,Skipped,1,57,1
d46bc2f6-e36a-4da2-beb7-f6236c94fac8,WATCHER,SlaversCollar,Skipped,1,57,1
d46bc2f6-e36a-4da2-beb7-f6236c94fac8,WATCHER,Runic Pyramid,Picked,1,57,1
d46bc2f6-e36a-4da2-beb7-f6236c94fac8,WATCHER,Busted Crown,Skipped,1,57,2
d46bc2f6-e36a-4da2-beb7-f6236c94fac8,WATCHER,SacredBark,Skipped,1,57,2
d46bc2f6-e36a-4da2-beb7-f6236c94fac8,WATCHER,VioletLotus,Picked,1,57,2
a24d4e5d-1483-4402-96f0-bf0d51ceeb87,WATCHER,Cursed Key,Skipped,1,57,1
a24d4e5d-1483-4402-96f0-bf0d51ceeb87,WATCHER,HolyWater,Skipped,1,57,1
a24d4e5d-1483-4402-96f0-bf0d51ceeb87,WATCHER,VioletLotus,Picked,1,57,1
a24d4e5d-1483-4402-96f0-bf0d51ceeb87,WATCHER,Philosopher's Stone,Skipped,1,57,2
a24d4e5d-1483-4402-96f0-bf0d51ceeb87,WATCHER,Runic Dome,Skipped,1,57,2
a24d4e5d-1483-4402-96f0-bf0d51ceeb87,WATCHER,SacredBark,Picked,1,57,2
0f018942-fd29-4052-8572-940cbc3501fe,WATCHER,Sozu,Skipped,1,57,1
0f018942-fd29-4052-8572-940cbc3501fe,WATCHER,Runic Dome,Skipped,1,57,1
0f018942-fd29-4052-8572-940cbc3501fe,WATCHER,Astrolabe,Picked,1,57,1
0f018942-fd29-4052-8572-940cbc3501fe,WATCHER,Tiny House,Skipped,1,57,2
0f018942-fd29-4052-8572-940cbc3501fe,WATCHER,SacredBark,Skipped,1,57,2
0f018942-fd29-4052-8572-940cbc3501fe,WATCHER,Empty Cage,Picked,1,57,2
bac7690a-2d36-437b-9d2b-72e4efd0f8cf,WATCHER,Philosopher's Stone,Skipped,0,50,1
bac7690a-2d36-437b-9d2b-72e4efd0f8cf,WATCHER,SlaversCollar,Skipped,0,50,1
bac7690a-2d36-437b-9d2b-72e4efd0f8cf,WATCHER,Astrolabe,Picked,0,50,1
bac7690a-2d36-437b-9d2b-72e4efd0f8cf,WATCHER,Fusion Hammer,Skipped,0,50,2
bac7690a-2d36-437b-9d2b-72e4efd0f8cf,WATCHER,Runic Dome,Skipped,0,50,2
bac7690a-2d36-437b-9d2b-72e4efd0f8cf,WATCHER,Coffee Dripper,Picked,0,50,2
